{"type": "metrics", "dataset": "train", "precision": 0.7008547008547008, "balanced_accuracy": 0.6671750439830302, "recall": 0.3817989417989418, "f1_score": 0.49431428962871626}
{"type": "metrics", "dataset": "test", "precision": 0.6744604316546763, "balanced_accuracy": 0.6711568415070004, "recall": 0.3934942287513116, "f1_score": 0.4970178926441352}
{"type": "cm_matrix", "dataset": "train", "true_0": {"predicted_0": 15458, "predicted_1": 770}, "true_1": {"predicted_0": 2921, "predicted_1": 1804}}
{"type": "cm_matrix", "dataset": "test", "true_0": {"predicted_0": 6711, "predicted_1": 362}, "true_1": {"predicted_0": 1156, "predicted_1": 750}}
